<?xml version="1.0" encoding="UTF-8"?>
<project-private xmlns="http://www.netbeans.org/ns/project-private/1">
    <editor-bookmarks xmlns="http://www.netbeans.org/ns/editor-bookmarks/2" lastBookmarkId="0"/>
    <open-files xmlns="http://www.netbeans.org/ns/projectui-open-files/2">
        <group>
            <file>file:/T:/Chrome%20Downloads/Test/DesignPattern-2-master/DesignPattern-2-master/src/facade/Circle.java</file>
            <file>file:/T:/Chrome%20Downloads/Test/DesignPattern-2-master/DesignPattern-2-master/src/factory/Square.java</file>
            <file>file:/T:/Chrome%20Downloads/Test/DesignPattern-2-master/DesignPattern-2-master/test/factory/ShapeFactoryTest.java</file>
            <file>file:/T:/Chrome%20Downloads/Test/DesignPattern-2-master/DesignPattern-2-master/src/singleton/SingleObject.java</file>
            <file>file:/T:/Chrome%20Downloads/Test/DesignPattern-2-master/DesignPattern-2-master/src/factory/Circle.java</file>
            <file>file:/T:/Chrome%20Downloads/Test/DesignPattern-2-master/DesignPattern-2-master/test/singleton/SingleObjectTest.java</file>
            <file>file:/T:/Chrome%20Downloads/Test/DesignPattern-2-master/DesignPattern-2-master/test/facade/ShapeMakerTest.java</file>
        </group>
    </open-files>
</project-private>
